Tools	Marine	Strain-madness	Plant-associated
McDevol	0.522644783041656	0.255905529532919	0.240933470409627
VAMB	0.55440910176425	0.22313857587924	0.24176591773007
COMEBin	0.693240821787787	0.42278243048861	0.401694516119229
GenomeFace	0.631553494020681	0.481621270835332	0.349782660620558
